{"cameraMode":{"drawMode":0,"name":"Shaded","section":"Shading Mode"},"sceneLighting":true,"audioPlay":false,"sceneViewState":{"showFog":true,"showMaterialUpdate":false,"showSkybox":true,"showFlares":true,"showImageEffects":true,"showParticleSystems":true},"in2DMode":false,"pivot":{"x":16.49362564086914,"y":2.2389509677886965,"z":-5.244791507720947},"rotation":{"x":0.29529982805252077,"y":-0.40219730138778689,"z":0.13884100317955018,"w":0.8554295301437378},"size":0.9715928435325623,"orthographic":false}